Station,Zone,Sub_Division,Years_Recorded,Min_Year,Max_Year,Total_Accidents,Fatal_Accidents,Non_Fatal_Accidents,Total_Killed,Total_Injured,Fatality_Rate,Injury_Rate,Fatal_Accident_Ratio,Avg_Annual_Accidents,Latitude,Longitude,Geocoding_Status,Cluster_ID,Hotspot_Risk,Risk_Level
Yalahanka,North,North East,7,2018,2024,1530,345,1185,308.0,1172.0,0.2013071895424836,0.7660130718954249,0.2254901960784313,218.57142857142856,13.1007,77.5963,VERIFIED,-1,11914.9,VERY HIGH
K R Puram,East,Whitefield,7,2018,2024,1500,270,1230,242.0,1036.0,0.1613333333333333,0.6906666666666667,0.18,214.28571428571428,13.0075,77.6959,VERIFIED,-1,11914.9,VERY HIGH
Kamakshipalya,West,Vijayanagar,7,2018,2024,1329,211,1118,200.0,1028.0,0.1504890895410083,0.7735139202407826,0.1587659894657637,189.8571428571429,12.9806,77.5255,VERIFIED,0,2056.2999999999997,HIGH
Int. Aiport,North,North East,7,2018,2024,1228,269,959,225.0,1107.0,0.1832247557003257,0.9014657980456026,0.2190553745928338,175.42857142857142,13.1986,77.7066,VERIFIED,-1,11914.9,VERY HIGH
Peenya,North,North,7,2018,2024,1201,184,1017,160.0,953.0,0.1332223147377185,0.7935054121565362,0.1532056619483763,171.57142857142858,13.0329,77.5273,VERIFIED,-1,11914.9,VERY HIGH
Chikkajala,North,North East,7,2018,2024,1169,251,918,235.0,978.0,0.2010265183917878,0.8366124893071001,0.2147134302822925,167.0,13.1706,77.6358,VERIFIED,-1,11914.9,VERY HIGH
Whitefield,East,Whitefield,7,2018,2024,1148,243,905,201.0,803.0,0.1750871080139373,0.6994773519163763,0.2116724738675958,164.0,12.9698,77.7499,VERIFIED,-1,11914.9,VERY HIGH
Electronic City,South,HSR Layout,7,2018,2024,1127,223,904,188.0,761.0,0.1668145519077196,0.6752440106477373,0.1978704525288376,161.0,12.8452,77.6602,VERIFIED,-1,11914.9,VERY HIGH
K S Layout,South,South,7,2018,2024,1120,213,907,204.0,864.0,0.1821428571428571,0.7714285714285715,0.1901785714285714,160.0,12.9079,77.5661,VERIFIED,-1,11914.9,VERY HIGH
Hebbala,North,North East,7,2018,2024,925,192,733,166.0,635.0,0.1794594594594594,0.6864864864864865,0.2075675675675675,132.14285714285714,13.0359,77.597,GEOCODED,1,1066.4,MEDIUM
Yashawanthapura,North,North,7,2018,2024,745,129,616,108.0,523.0,0.1449664429530201,0.702013422818792,0.1731543624161073,106.42857142857144,13.0285,77.5458,VERIFIED,-1,11914.9,VERY HIGH
Hulimavu,South,South East,7,2018,2024,705,103,602,97.0,577.0,0.1375886524822695,0.8184397163120567,0.1460992907801418,100.71428571428572,12.8804,77.6074,VERIFIED,-1,11914.9,VERY HIGH
Jalahalli,North,North,7,2018,2024,694,141,553,131.0,564.0,0.1887608069164265,0.8126801152737753,0.2031700288184438,99.14285714285714,13.0538,77.5385,VERIFIED,-1,11914.9,VERY HIGH
Vijayanagar,West,Vijayanagar,7,2018,2024,660,63,597,57.0,542.0,0.0863636363636363,0.8212121212121212,0.0954545454545454,94.28571428571428,12.9719,77.5308,VERIFIED,0,2056.2999999999997,HIGH
Banashankari,South,South,7,2018,2024,576,82,494,72.0,414.0,0.125,0.71875,0.1423611111111111,82.28571428571429,12.9255,77.5468,VERIFIED,-1,11914.9,VERY HIGH
Rajajinagar,North,North,7,2018,2024,542,102,440,94.0,378.0,0.1734317343173431,0.6974169741697417,0.1881918819188192,77.42857142857143,12.9882,77.5549,VERIFIED,0,2056.2999999999997,HIGH
Jayanagar,South,South,7,2018,2024,540,83,457,71.0,401.0,0.1314814814814814,0.7425925925925926,0.1537037037037037,77.14285714285714,12.925,77.5938,VERIFIED,-1,11914.9,VERY HIGH
HSR Layout,South,HSR Layout,7,2018,2024,518,114,404,104.0,454.0,0.2007722007722007,0.8764478764478765,0.22007722007722,74.0,12.9121,77.6446,VERIFIED,-1,11914.9,VERY HIGH
Micolayout,South,South East,7,2018,2024,516,85,431,62.0,348.0,0.1201550387596899,0.6744186046511628,0.1647286821705426,73.71428571428571,12.9121,77.6094,VERIFIED,-1,11914.9,VERY HIGH
Indiranagar,East,East,7,2018,2024,515,85,430,64.0,327.0,0.1242718446601941,0.6349514563106796,0.1650485436893204,73.57142857142857,12.9784,77.6408,VERIFIED,2,744.7,MEDIUM
Basavanagudi,South,South,7,2018,2024,507,38,469,30.0,346.0,0.059171597633136,0.6824457593688363,0.0749506903353057,72.42857142857143,12.9416,77.5746,VERIFIED,-1,11914.9,VERY HIGH
R T Nagar,North,North East,7,2018,2024,502,63,439,59.0,341.0,0.1175298804780876,0.6792828685258964,0.1254980079681275,71.71428571428571,13.0247,77.5948,VERIFIED,1,1066.4,MEDIUM
Malleshwaram,North,North,7,2018,2024,493,60,433,50.0,395.0,0.101419878296146,0.8012170385395537,0.1217038539553752,70.42857142857143,13.0031,77.5684,VERIFIED,-1,11914.9,VERY HIGH
Halasooru,East,East,7,2018,2024,485,95,390,85.0,355.0,0.1752577319587628,0.7319587628865979,0.1958762886597938,69.28571428571429,12.9753,77.6253,VERIFIED,2,744.7,MEDIUM
Chickpet,West,West,7,2018,2024,317,58,259,51.0,222.0,0.1608832807570978,0.7003154574132492,0.1829652996845426,45.285714285714285,12.9675,77.575,VERIFIED,3,585.2,MEDIUM
Adugodi,South,South East,7,2018,2024,315,34,281,35.0,266.0,0.1111111111111111,0.8444444444444444,0.1079365079365079,45.0,12.9442,77.6083,VERIFIED,-1,11914.9,VERY HIGH
Cubbon Park,West,Central,7,2018,2024,310,25,285,20.0,244.0,0.064516129032258,0.7870967741935484,0.0806451612903225,44.285714285714285,12.974,77.5935,VERIFIED,4,461.99999999999994,MEDIUM
Magadi Road,West,Vijayanagar,7,2018,2024,245,30,215,26.0,180.0,0.1061224489795918,0.7346938775510204,0.1224489795918367,35.0,12.976,77.545,VERIFIED,0,2056.2999999999997,HIGH
Chamarajpet,South,South,7,2018,2024,235,34,201,34.0,192.0,0.1446808510638297,0.8170212765957446,0.1446808510638297,33.57142857142857,12.9567,77.5639,VERIFIED,3,585.2,MEDIUM
Upparpet,West,West,7,2018,2024,233,45,188,34.0,154.0,0.1459227467811159,0.6609442060085837,0.1931330472103004,33.285714285714285,12.9779,77.5724,VERIFIED,3,585.2,MEDIUM
Mahadevapura,East,Whitefield,2,2023,2024,199,28,171,12.0,72.0,0.0603015075376884,0.3618090452261306,0.1407035175879397,99.5,12.9902,77.6888,VERIFIED,-1,11914.9,VERY HIGH
Shivajinagar,East,East,7,2018,2024,171,27,144,23.0,104.0,0.1345029239766081,0.6081871345029239,0.1578947368421052,24.428571428571427,12.9863,77.6047,VERIFIED,4,461.99999999999994,MEDIUM
Pulikeshinagar,East,East,7,2018,2024,143,45,98,41.0,75.0,0.2867132867132867,0.5244755244755245,0.3146853146853147,20.428571428571427,12.9965,77.6139,VERIFIED,4,461.99999999999994,MEDIUM
Bellanduru,South,HSR Layout,2,2023,2024,100,23,77,9.0,34.0,0.09,0.34,0.23,50.0,12.9258,77.6766,GEOCODED,-1,11914.9,VERY HIGH
