Zone,Station,latitude,longitude,geocoded_address,google_maps_link,verified_latitude,verified_longitude,verification_notes,verification_status,nearest_road_id,nearest_road_name,nearest_road_type,nearest_road_length_m,distance_to_road_m,Total_Accidents,Fatal_Accidents,Non_Fatal_Accidents,Killed,Injured,Years_Recorded,Avg_Annual_Accidents,Avg_Annual_Fatal_Accidents,Avg_Annual_Non_Fatal_Accidents,Road_Length_km,Distance_to_Road_km,Road_Type,Accident_History_Category,Accident_Rate_Category,Fatal_Accident_Rate,Non_Fatal_Accident_Rate
East,Airport,12.9598179,77.6502474,"SBI ATM, HAL Old Airport Road, NR Colony, Jeevan Bhima Nagar, Kodihalli, Bengaluru Central City Corporation, Bengaluru, Bangalore East, Bengaluru Urban, Karnataka, 560008, India","https://www.google.com/maps/search/?api=1&query=12.9598179,77.6502474",,,,Pending,R00004782,HAL Old Airport Road,primary,74.27774382665159,87.01349938904049,676,150,526,131.0,434.0,7,96.57142857142856,21.428571428571427,75.14285714285714,0.0742777438266515,0.0870134993890404,primary,High,High,0.22189349112426035,0.7781065088757396
East,Banasawadi,13.0060573,77.6276827,"Banasawadi, Banaswadi Railway Station Road, Vivekananda Nagar, Lingarajapuram, Maruthi Seva Nagara, Bengaluru North City Corporation, Bengaluru, Bangalore North, Bengaluru Urban, Karnataka, 560033, India","https://www.google.com/maps/search/?api=1&query=13.0060573,77.6276827",,,,Pending,R00053830,Unnamed Road,tertiary,100.59356509650944,30.54440027900069,720,117,603,114.0,588.0,7,102.85714285714286,16.714285714285715,86.14285714285714,0.1005935650965094,0.0305444002790006,tertiary,High,High,0.1625,0.8375
East,Halasooru,12.9747298,77.6252446,Police station location identified; coordinate requires validation,"https://www.google.com/maps/search/?api=1&query=12.9747298,77.6252446",,,,Pending,R00604814,Swamy Vivekananda Road,primary,53.4643092453939,16.960640520272968,485,95,390,85.0,355.0,7,69.28571428571429,13.571428571428571,55.71428571428572,0.0534643092453939,0.0169606405202729,primary,Medium,Medium,0.1958762886597938,0.8041237113402062
East,Indiranagar,12.9781764,77.6409534,"Indiranagar Police Station, 100 Feet Road, Defence Colony, Indiranagar, Bengaluru Central City Corporation, Bengaluru, Bangalore North, Bengaluru Urban, Karnataka, 560038, India","https://www.google.com/maps/search/?api=1&query=12.9781764,77.6409534",,,,Pending,R00052314,100 Feet Road,primary,34.91008554458125,13.842824116990853,515,85,430,64.0,327.0,7,73.57142857142857,12.142857142857142,61.42857142857143,0.0349100855445812,0.0138428241169908,primary,Medium,Medium,0.1650485436893204,0.8349514563106796
East,K G Halli,13.0206088,77.6219381,"K.G.Halli, Bengaluru North City Corporation, Bengaluru, Bangalore North, Bengaluru Urban, Karnataka, India","https://www.google.com/maps/search/?api=1&query=13.0206088,77.6219381",,,,Pending,R00129129,3rd Cross Road,residential,48.65032172306911,11.014600700394642,218,39,179,32.0,148.0,7,31.142857142857142,5.571428571428571,25.571428571428573,0.0486503217230691,0.0110146007003946,residential,Low,Low,0.17889908256880735,0.8211009174311926
East,K R Puram,13.0005461,77.6754561,"Krishnarajapuram, Platform Road, Darga Mohalla, K.S. Nissar Ahmed Ward, Bengaluru East City Corporation, Bengaluru, Bangalore East, Bengaluru Urban, Karnataka, 560016, India","https://www.google.com/maps/search/?api=1&query=13.0005461,77.6754561",,,,Pending,R00021667,Outer Ring Road,trunk,285.20273756321893,75.98153816484385,1500,270,1230,242.0,1036.0,7,214.28571428571428,38.57142857142857,175.71428571428572,0.2852027375632189,0.0759815381648438,trunk,High,High,0.18,0.82
East,Pulikeshinagar,12.9992657,77.6196004,Police station location identified; coordinate requires validation,"https://www.google.com/maps/search/?api=1&query=12.9992657,77.6196004",,,,Pending,R00004722,Buddha Vihar Road,secondary,69.08342142218153,26.803207585331503,143,45,98,41.0,75.0,7,20.428571428571427,6.428571428571429,14.0,0.0690834214221815,0.0268032075853315,secondary,Low,Low,0.3146853146853147,0.6853146853146853
East,Shivajinagar,12.9879116,77.6035733,"Shivajinagar Traffic Police Station, Hazrat Kambal Posh Road, Shivajinagar, Bengaluru Central City Corporation, Bengaluru, Bangalore North, Bengaluru Urban, Karnataka, 560051, India","https://www.google.com/maps/search/?api=1&query=12.9879116,77.6035733",,,,Pending,R00444189,Hazrat Kambal Posh Road,tertiary,63.77034654579013,30.23334619902233,171,27,144,23.0,104.0,7,24.428571428571427,3.857142857142857,20.571428571428573,0.0637703465457901,0.0302333461990223,tertiary,Low,Low,0.15789473684210525,0.8421052631578947
East,Whitefield,12.9753972,77.7511488,"Whitefield Police Station -Office of the Deputy Commisionner, Whitefield Main Road, Prashanth Extension, Pattanduru Agrahara, S.M Krishna Ward, Bengaluru East City Corporation, Bengaluru, Bangalore East, Bengaluru Urban, Karnataka, 560066, India","https://www.google.com/maps/search/?api=1&query=12.9753972,77.7511488",,,,Pending,R00250573,Whitefield Main Road,primary,388.3555273377917,41.60511570712905,1148,243,905,201.0,803.0,7,164.0,34.714285714285715,129.28571428571428,0.3883555273377917,0.041605115707129,primary,High,High,0.21167247386759583,0.7883275261324042
North,Chikkajala,13.1679234,77.6372834,"Chikkajala, Yelahanka taluku, Bengaluru Urban, Karnataka, India","https://www.google.com/maps/search/?api=1&query=13.1679234,77.6372834",,,,Pending,R00202970,Unnamed Road,residential,21.027276194799143,33.71040384530689,1169,251,918,235.0,978.0,7,167.0,35.857142857142854,131.14285714285714,0.0210272761947991,0.0337104038453068,residential,High,High,0.21471343028229256,0.7852865697177075
North,Hebbala,13.0435918,77.6018105,"Kempapura, Outer Ring Road, Jogappa Layout, Kempapura, Bengaluru North City Corporation, Bengaluru, Bangalore North, Bengaluru Urban, Karnataka, 560024, India","https://www.google.com/maps/search/?api=1&query=13.0435918,77.6018105",,,,Pending,R00629714,Outer Ring Road,trunk,168.87603584172064,23.24682118567581,925,192,733,166.0,635.0,7,132.14285714285714,27.428571428571427,104.71428571428572,0.1688760358417206,0.0232468211856758,trunk,High,High,0.20756756756756756,0.7924324324324324
North,Jalahalli,13.0489639,77.5499149,"Jalahalli Police Station, HMT Main Road, BEL Colony, Gokula, HMT Ward, Bengaluru North City Corporation, Bengaluru, Bangalore North, Bengaluru Urban, Karnataka, 560013, India","https://www.google.com/maps/search/?api=1&query=13.0489639,77.5499149",,,,Pending,R00581069,HMT Main Road,tertiary,52.26377952440538,4.793832443662404,694,141,553,131.0,564.0,7,99.14285714285714,20.142857142857142,79.0,0.0522637795244053,0.0047938324436624,tertiary,High,High,0.20317002881844382,0.7968299711815562
North,Malleshwaram,13.0027353,77.5703253,"Malleswaram, Malleshwaram, Bengaluru West City Corporation, Bengaluru, Bangalore North, Bengaluru Urban, Karnataka, 560003, India","https://www.google.com/maps/search/?api=1&query=13.0027353,77.5703253",,,,Pending,R00017455,East Park Road,residential,112.70741361366116,41.75543285460687,493,60,433,50.0,395.0,7,70.42857142857143,8.571428571428571,61.85714285714285,0.1127074136136611,0.0417554328546068,residential,Medium,Medium,0.12170385395537525,0.8782961460446247
North,Peenya,13.0360107,77.5211853,"Peenya Police Station, Police Station Road, Peenya Industrial Area, Peenya, Bengaluru West City Corporation, Bengaluru, Bangalore North, Bengaluru Urban, Karnataka, 560058, India","https://www.google.com/maps/search/?api=1&query=13.0360107,77.5211853",,,,Pending,R00448506,1st Cross Road,residential,36.27441036328878,30.7822332166798,1201,184,1017,160.0,953.0,7,171.57142857142858,26.285714285714285,145.28571428571428,0.0362744103632887,0.0307822332166797,residential,High,High,0.15320566194837634,0.8467943380516236
North,R T Nagar,13.0254156,77.5960071,"R.T Nagar, Bengaluru North City Corporation, Bengaluru, Bangalore North, Bengaluru Urban, Karnataka, India","https://www.google.com/maps/search/?api=1&query=13.0254156,77.5960071",,,,Pending,R00422824,Unnamed Road,residential,24.47376285551833,19.45431528582699,502,63,439,59.0,341.0,7,71.71428571428571,9.0,62.71428571428572,0.0244737628555183,0.0194543152858269,residential,Medium,Medium,0.1254980079681275,0.8745019920318725
North,Rajajinagar,12.9744861,77.5512501,"Magadi Road Police Station, Magadi Road, Rajajinagar 6th Block, Dr Rajkumar Ward, Bengaluru West City Corporation, Bengaluru, Bangalore North, Bengaluru Urban, Karnataka, 560023, India","https://www.google.com/maps/search/?api=1&query=12.9744861,77.5512501",,,,Pending,R00460499,Unnamed Road,residential,56.225799422936944,17.121336369369452,542,102,440,94.0,378.0,7,77.42857142857143,14.571428571428571,62.85714285714285,0.0562257994229369,0.0171213363693694,residential,Medium,Medium,0.1881918819188192,0.8118081180811808
North,Yalahanka,13.0947687,77.5944354,"Yelahanka Police Station, Yelahanka Road, Nyayanga Badavane, Bengaluru North City Corporation, Bengaluru, Yelahanka taluku, Bengaluru Urban, Karnataka, 560065, India","https://www.google.com/maps/search/?api=1&query=13.0947687,77.5944354",,,,Pending,R00439148,Yelahanka Road,primary,22.14295707009604,37.6020484426336,1530,345,1185,308.0,1172.0,7,218.57142857142856,49.285714285714285,169.28571428571428,0.022142957070096,0.0376020484426336,primary,High,High,0.22549019607843138,0.7745098039215687
North,Yashawanthapura,13.0181912,77.5578127,"Yeshwanthpura Circle, 8th Main Road, Malleswaram, Malleshwaram, Bengaluru West City Corporation, Bengaluru, Bangalore North, Bengaluru Urban, Karnataka, 560012, India","https://www.google.com/maps/search/?api=1&query=13.0181912,77.5578127",,,,Pending,R00018137,8th Main Road,secondary,28.700828800344425,20.70259357678926,745,129,616,108.0,523.0,7,106.42857142857144,18.428571428571427,88.0,0.0287008288003444,0.0207025935767892,secondary,High,High,0.17315436241610738,0.8268456375838926
South,Adugodi,12.9389789,77.6097002,"Adugodi Police Station, Hosur Road, Lakkasandra, Bengaluru South City Corporation, Bengaluru, Bangalore South, Bengaluru Urban, Karnataka, 560029, India","https://www.google.com/maps/search/?api=1&query=12.9389789,77.6097002",,,,Pending,R00295370,Unnamed Road,primary_link,12.96711105237622,38.34517281529501,315,34,281,35.0,266.0,7,45.0,4.857142857142857,40.142857142857146,0.0129671110523762,0.038345172815295,primary_link,Low,Low,0.10793650793650794,0.8920634920634921
South,Banashankari,12.9229116,77.5650055,"Banashankari Police Station, 27th Cross Road, Ganesh Mandira Ward, Bengaluru West City Corporation, Bengaluru, Bangalore South, Bengaluru Urban, Karnataka, 560070, India","https://www.google.com/maps/search/?api=1&query=12.9229116,77.5650055",,,,Pending,R00034546,27th Cross Road,residential,230.75346386041767,41.81269533434948,576,82,494,72.0,414.0,7,82.28571428571429,11.714285714285714,70.57142857142857,0.2307534638604176,0.0418126953343494,residential,Medium,Medium,0.1423611111111111,0.8576388888888888
South,Basavanagudi,12.9411299,77.5736696,"Basavanagudi Police Station, Krishna Rajendra Road, N.R Colony, Bengaluru West City Corporation, Bengaluru, Bangalore North, Bengaluru Urban, Karnataka, 560004, India","https://www.google.com/maps/search/?api=1&query=12.9411299,77.5736696",,,,Pending,R00228118,Krishna Rajendra Road,primary,124.73722560125572,9.934710868965064,507,38,469,30.0,346.0,7,72.42857142857143,5.428571428571429,67.0,0.1247372256012557,0.009934710868965,primary,Medium,Medium,0.07495069033530571,0.9250493096646942
South,Chamarajpet,12.9577576,77.5665335,"Chamarajpet, Bengaluru Central City Corporation, Bengaluru, Bangalore North, Bengaluru Urban, Karnataka, 560018, India","https://www.google.com/maps/search/?api=1&query=12.9577576,77.5665335",,,,Pending,R00019471,4th Main Road,tertiary,154.88062701800754,25.214364696724576,235,34,201,34.0,192.0,7,33.57142857142857,4.857142857142857,28.714285714285715,0.1548806270180075,0.0252143646967245,tertiary,Low,Low,0.14468085106382977,0.8553191489361702
South,Electronic City,12.8487599,77.648253,"Prime City Apartments, Electronic City, Bengaluru, Bangalore South, Bengaluru Urban, Karnataka, 560100, India","https://www.google.com/maps/search/?api=1&query=12.8487599,77.648253",,,,Pending,R00301369,Unnamed Road,residential,31.0441682813688,57.7932017774078,1127,223,904,188.0,761.0,7,161.0,31.857142857142858,129.14285714285714,0.0310441682813688,0.0577932017774078,residential,High,High,0.19787045252883761,0.8021295474711624
South,HSR Layout,12.9116225,77.6388622,"HSR Layout, Bengaluru South City Corporation, Bengaluru, Bangalore South, Bengaluru Urban, Karnataka, 560102, India","https://www.google.com/maps/search/?api=1&query=12.9116225,77.6388622",,,,Pending,R00075528,19th Cross Road,residential,159.8592855178229,21.966895573625173,518,114,404,104.0,454.0,7,74.0,16.285714285714285,57.71428571428572,0.1598592855178229,0.0219668955736251,residential,Medium,Medium,0.22007722007722008,0.7799227799227799
South,Hulimavu,12.87667,77.6000418,"Hulimavu Police Station, Cave Temple Road, Hulimavu, Bengaluru South City Corporation, Bengaluru, Bangalore South, Bengaluru Urban, Karnataka, 560076, India","https://www.google.com/maps/search/?api=1&query=12.87667,77.6000418",,,,Pending,R00211998,Cave Temple Road,secondary,45.03587288877826,11.236541449727351,705,103,602,97.0,577.0,7,100.71428571428572,14.714285714285714,86.0,0.0450358728887782,0.0112365414497273,secondary,High,High,0.14609929078014183,0.8539007092198582
South,Jayanagar,12.9285653,77.5813657,"Jayanagar 4th Block Police Station, Vinayaka Devalaya Road, Jayanagar 4th Block, Byrasandra, Bengaluru South City Corporation, Bengaluru, Bangalore South, Bengaluru Urban, Karnataka, 560011, India","https://www.google.com/maps/search/?api=1&query=12.9285653,77.5813657",,,,Pending,R00005083,30th Cross Road,secondary,51.278352396306616,17.79752381005479,540,83,457,71.0,401.0,7,77.14285714285714,11.857142857142858,65.28571428571429,0.0512783523963066,0.0177975238100547,secondary,Medium,Medium,0.1537037037037037,0.8462962962962963
South,K S Layout,12.9952478,77.6668232,"Union Bank of India, 1st Main Road, Pai Layout, K.S. Nissar Ahmed Ward, Bengaluru East City Corporation, Bengaluru, Bangalore East, Bengaluru Urban, Karnataka, 560016, India","https://www.google.com/maps/search/?api=1&query=12.9952478,77.6668232",,,,Pending,R00021521,1st Main Road,residential,86.71031401151619,21.815596843909745,1120,213,907,204.0,864.0,7,160.0,30.428571428571427,129.57142857142858,0.0867103140115161,0.0218155968439097,residential,High,High,0.19017857142857142,0.8098214285714286
South,Madivala,12.9214542,77.6211213,"Madivala, Madiwala Sarjapura Road, Sidhartha Colony, Kormangala West, Bengaluru South City Corporation, Bengaluru, Bangalore South, Bengaluru Urban, Karnataka, 560034, India","https://www.google.com/maps/search/?api=1&query=12.9214542,77.6211213",,,,Pending,R00581756,Madiwala Sarjapura Road,primary,314.84550636015774,69.8377300069936,485,102,383,82.0,303.0,7,69.28571428571429,14.571428571428571,54.71428571428572,0.3148455063601577,0.0698377300069936,primary,Medium,Medium,0.21030927835051547,0.7896907216494845
South,Micolayout,12.9085997,77.6107062,Police station location identified; coordinate requires validation,"https://www.google.com/maps/search/?api=1&query=12.9085997,77.6107062",,,,Pending,R00214930,12th Cross Road,residential,38.466066222901496,19.316755098043544,516,85,431,62.0,348.0,7,73.71428571428571,12.142857142857142,61.57142857142857,0.0384660662229014,0.0193167550980435,residential,Medium,Medium,0.16472868217054262,0.8352713178294574
West,Ashokanagar,12.9693934,77.6071559,"Ashokanagar, Bengaluru Central City Corporation, Bengaluru, Bangalore North, Bengaluru Urban, Karnataka, India","https://www.google.com/maps/search/?api=1&query=12.9693934,77.6071559",,,,Pending,R00228156,H1 Street,living_street,77.06521424759285,16.086521033249088,309,34,275,32.0,254.0,7,44.142857142857146,4.857142857142857,39.285714285714285,0.0770652142475928,0.016086521033249,living_street,Low,Low,0.11003236245954692,0.889967637540453
West,Chickpet,12.9691224,77.5768357,"Chickpet Plaza, Mamulpet Road, Mamulpete, Chikkapete, Chickpete, Bengaluru Central City Corporation, Bengaluru, Bangalore North, Bengaluru Urban, Karnataka, 560053, India","https://www.google.com/maps/search/?api=1&query=12.9691224,77.5768357",,,,Pending,R00026105,Mamulpet Road,tertiary,18.041138700901783,7.827277006807584,317,58,259,51.0,222.0,7,45.285714285714285,8.285714285714286,37.0,0.0180411387009017,0.0078272770068075,tertiary,Medium,Medium,0.1829652996845426,0.8170347003154574
West,City Market,12.9649402,77.5761878,"Krishna Rajendra Market Police Station, Sultan Road, Cottonpete, Cheluvadi Palya, Bengaluru Central City Corporation, Bengaluru, Bangalore North, Bengaluru Urban, Karnataka, 560053, India","https://www.google.com/maps/search/?api=1&query=12.9649402,77.5761878",,,,Pending,R00234040,Unnamed Road,residential,223.7564041556953,16.704281938451917,148,33,115,22.0,85.0,7,21.142857142857142,4.714285714285714,16.428571428571427,0.2237564041556952,0.0167042819384519,residential,Low,Low,0.22297297297297297,0.777027027027027
West,Cubbon Park,12.9762147,77.59823,"Cubbon Park Police Station, Kasturba Road, Sampangirama Nagar, Bengaluru Central City Corporation, Bengaluru, Bangalore North, Bengaluru Urban, Karnataka, 560001, India","https://www.google.com/maps/search/?api=1&query=12.9762147,77.59823",,,,Pending,R00018889,Kasturba Road,secondary,355.2460203677199,74.84347764586465,310,25,285,20.0,244.0,7,44.285714285714285,3.571428571428572,40.71428571428572,0.3552460203677199,0.0748434776458646,secondary,Low,Low,0.08064516129032258,0.9193548387096774
West,H.Grounds,12.9865133,77.5830766,"High Grounds, Sampangirama Nagar, Bengaluru Central City Corporation, Bengaluru, Bangalore North, Bengaluru Urban, Karnataka, 560001, India","https://www.google.com/maps/search/?api=1&query=12.9865133,77.5830766",,,,Pending,R00252531,Unnamed Road,residential,133.457181964416,77.20172213674546,356,32,324,25.0,257.0,7,50.85714285714285,4.571428571428571,46.285714285714285,0.133457181964416,0.0772017221367454,residential,Medium,Medium,0.0898876404494382,0.9101123595505618
West,Kamakshipalya,12.9879713,77.5402233,"Traffic Police Station Kamakshipalya, 4th Main Road, Sharada Colony, Basaveshwara Nagara, Bengaluru West City Corporation, Bengaluru, Bangalore North, Bengaluru Urban, Karnataka, 560079, India","https://www.google.com/maps/search/?api=1&query=12.9879713,77.5402233",,,,Pending,R00056671,Unnamed Road,residential,46.52784842122399,11.389043952319929,1329,211,1118,200.0,1028.0,7,189.8571428571429,30.142857142857142,159.71428571428572,0.0465278484212239,0.0113890439523199,residential,High,High,0.15876598946576373,0.8412340105342363
West,Kengeri,12.9104413,77.4819132,"Kengeri Police Station, Mysore Road, Mylasandra, Bengaluru West City Corporation, Bengaluru, Bangalore South, Bengaluru Urban, Karnataka, 560060, India","https://www.google.com/maps/search/?api=1&query=12.9104413,77.4819132",,,,Pending,R00228638,Mysore Road,trunk,18.11474865638742,22.06167623991704,1102,217,885,195.0,891.0,7,157.42857142857142,31.0,126.42857142857144,0.0181147486563874,0.022061676239917,trunk,High,High,0.1969147005444646,0.8030852994555354
West,Magadi Road,12.9744861,77.5512501,"Magadi Road Police Station, Magadi Road, Rajajinagar 6th Block, Dr Rajkumar Ward, Bengaluru West City Corporation, Bengaluru, Bangalore North, Bengaluru Urban, Karnataka, 560023, India","https://www.google.com/maps/search/?api=1&query=12.9744861,77.5512501",,,,Pending,R00460499,Unnamed Road,residential,56.225799422936944,17.121336369369452,245,30,215,26.0,180.0,7,35.0,4.285714285714286,30.714285714285715,0.0562257994229369,0.0171213363693694,residential,Low,Low,0.12244897959183673,0.8775510204081632
West,S.S.Nagar,12.9828866,77.7518975,"State Bank of India, Whitefield Main Road, Prashanth Extension, S.M Krishna Ward, Bengaluru East City Corporation, Bengaluru, Bangalore East, Bengaluru Urban, Karnataka, 560066, India","https://www.google.com/maps/search/?api=1&query=12.9828866,77.7518975",,,,Pending,R00591288,Whitefield Main Road,primary,144.5677345306141,57.850502739034575,435,52,383,47.0,323.0,7,62.142857142857146,7.428571428571429,54.71428571428572,0.1445677345306141,0.0578505027390345,primary,Medium,Medium,0.11954022988505747,0.8804597701149425
West,U.Gate,12.9300643,77.6418236,"Prestige Wind Gate (u/c), Agaram, Bengaluru Central City Corporation, Bengaluru, Bangalore North, Bengaluru Urban, Karnataka, India","https://www.google.com/maps/search/?api=1&query=12.9300643,77.6418236",,,,Pending,R00295409,13th Cross Road,residential,83.81169868305469,239.4461840644802,315,31,284,27.0,213.0,7,45.0,4.428571428571429,40.57142857142857,0.0838116986830546,0.2394461840644802,residential,Medium,Medium,0.09841269841269841,0.9015873015873016
West,Upparpet,12.9745091,77.5749573,"Upparpet Traffic Police Station, Tank Bund Road, Gandhinagar, Nehru Nagar, Bengaluru Central City Corporation, Bengaluru, Bangalore North, Bengaluru Urban, Karnataka, 560009, India","https://www.google.com/maps/search/?api=1&query=12.9745091,77.5749573",,,,Pending,R00019351,Tank Bund Road,primary,33.76046917919096,28.06412468500244,233,45,188,34.0,154.0,7,33.285714285714285,6.428571428571429,26.857142857142858,0.0337604691791909,0.0280641246850024,primary,Low,Low,0.19313304721030042,0.8068669527896996
West,Vijayanagar,12.9707264,77.5377251,"Vijayanagar Police Station, Sha Shi Marulayya Road, Hosahalli, Bengaluru West City Corporation, Bengaluru, Bangalore North, Bengaluru Urban, Karnataka, 560040, India","https://www.google.com/maps/search/?api=1&query=12.9707264,77.5377251",,,,Pending,R00050200,Sha Shi Marulayya Road,tertiary,39.84318269704996,17.584584742622976,660,63,597,57.0,542.0,7,94.28571428571428,9.0,85.28571428571429,0.0398431826970499,0.0175845847426229,tertiary,High,High,0.09545454545454546,0.9045454545454545
West,W.Garden,12.9647458,77.5311092,"State Bank of India, Subbanna Garden Main road, Hampi Nagar, Maruthi Mandira Ward, Bengaluru West City Corporation, Bengaluru, Bangalore North, Bengaluru Urban, Karnataka, 560040, India","https://www.google.com/maps/search/?api=1&query=12.9647458,77.5311092",,,,Pending,R00078613,Subbanna Garden Main road,tertiary,31.689903486869703,12.323162401574193,399,47,352,42.0,284.0,7,57.0,6.714285714285714,50.285714285714285,0.0316899034868697,0.0123231624015741,tertiary,Medium,Medium,0.11779448621553884,0.8822055137844611
East,Mahadevapura,12.9968412,77.6928386,"Mahadevpura Police Station, Whitefield Road, Devasandra, Bengaluru East City Corporation, Bengaluru, Bangalore East, Bengaluru Urban, Karnataka, 560048, India","https://www.google.com/maps/search/?api=1&query=12.9968412,77.6928386",,,,Pending,R00193045,1st Main Road,residential,36.32959007344208,26.50487378984292,199,28,171,12.0,72.0,2,99.5,14.0,85.5,0.036329590073442,0.0265048737898429,residential,Low,Low,0.1407035175879397,0.8592964824120602
North,Hennuru,13.037077,77.6413572,"Hennur, HBR Layout, Bengaluru North City Corporation, Bengaluru, Bangalore North, Bengaluru Urban, Karnataka, 560043, India","https://www.google.com/maps/search/?api=1&query=13.037077,77.6413572",,,,Pending,R00012653,Unnamed Road,residential,18.489884671667365,15.225141372558769,230,55,175,24.0,84.0,2,115.0,27.5,87.5,0.0184898846716673,0.0152251413725587,residential,Low,Low,0.2391304347826087,0.7608695652173914
South,Bellanduru,12.9189675,77.6679657,"Bellanduru Police Station, 37, Sarjapura Road, Ambalipura, Kaikondrahalli, Kasavanahalli, Bengaluru South City Corporation, Bengaluru, Bangalore South, Bengaluru Urban, Karnataka, 560103, India","https://www.google.com/maps/search/?api=1&query=12.9189675,77.6679657",,,,Pending,R00003138,Sarjapura Road,primary,235.1629901474368,50.69801862094033,100,23,77,9.0,34.0,2,50.0,11.5,38.5,0.2351629901474368,0.0506980186209403,primary,Low,Low,0.23,0.77
South,Thalagattapura,12.8712967,77.5385602,"Thalagattapura Metro Station, Kanakapura Road, Thalaghattapura, Vajrahalli, Talagattapura, Bengaluru South City Corporation, Bengaluru, Bangalore South, Bengaluru Urban, Karnataka, 560062, India","https://www.google.com/maps/search/?api=1&query=12.8712967,77.5385602",,,,Pending,R00360489,Kanakapura Road,trunk,172.2059220588007,15.367561370493076,213,42,171,26.0,69.0,2,106.5,21.0,85.5,0.1722059220588007,0.015367561370493,trunk,Low,Low,0.19718309859154928,0.8028169014084507
North,Chikkabanavara,13.0746787,77.5056373,"Chikka Banavara, Medarahalli Railway Station Road, Geleyara Balaga Layout, Abbigere, Bengaluru North City Corporation, Bengaluru, Bangalore North, Bengaluru Urban, Karnataka, 560090, India","https://www.google.com/maps/search/?api=1&query=13.0746787,77.5056373",,,,Pending,R00165849,Unnamed Road,residential,129.11887740861803,88.12558622406601,90,16,74,0.0,0.0,1,90.0,16.0,74.0,0.129118877408618,0.088125586224066,residential,Low,Low,0.17777777777777778,0.8222222222222222
West,Jnanabharathi,12.9354476,77.5124016,"Jnanabharathi, Mysore Road, Jnana Bharathi, Jnana Bharathi Ward, Bengaluru West City Corporation, Bengaluru, Bangalore South, Bengaluru Urban, Karnataka, 560056, India","https://www.google.com/maps/search/?api=1&query=12.9354476,77.5124016",,,,Pending,R00576970,Unnamed Road,unclassified,164.68061954076762,33.140655611385554,141,22,119,0.0,0.0,1,141.0,22.0,119.0,0.1646806195407676,0.0331406556113855,unclassified,Low,Low,0.15602836879432624,0.8439716312056738
