Station,Zone,Sub_Division,Years_Recorded,Min_Year,Max_Year,Total_Accidents,Fatal_Accidents,Non_Fatal_Accidents,Total_Killed,Total_Injured,Fatality_Rate,Injury_Rate,Fatal_Accident_Ratio,Avg_Annual_Accidents
Yalahanka,North,North East,7,2018,2024,1530,345,1185,308.0,1172.0,0.20130718954248367,0.7660130718954249,0.22549019607843138,218.57142857142858
K R Puram,East,Whitefield,7,2018,2024,1500,270,1230,242.0,1036.0,0.16133333333333333,0.6906666666666667,0.18,214.28571428571428
Kamakshipalya,West,Vijayanagar,7,2018,2024,1329,211,1118,200.0,1028.0,0.1504890895410083,0.7735139202407826,0.15876598946576373,189.85714285714286
Int. Aiport,North,North East,7,2018,2024,1228,269,959,225.0,1107.0,0.18322475570032573,0.9014657980456026,0.21905537459283386,175.42857142857142
Peenya,North,North,7,2018,2024,1201,184,1017,160.0,953.0,0.13322231473771856,0.7935054121565362,0.15320566194837634,171.57142857142858
Chikkajala,North,North East,7,2018,2024,1169,251,918,235.0,978.0,0.20102651839178784,0.8366124893071001,0.21471343028229256,167.0
Whitefield,East,Whitefield,7,2018,2024,1148,243,905,201.0,803.0,0.1750871080139373,0.6994773519163763,0.21167247386759583,164.0
Electronic City,South,HSR Layout,7,2018,2024,1127,223,904,188.0,761.0,0.1668145519077196,0.6752440106477373,0.19787045252883761,161.0
K S Layout,South,South,7,2018,2024,1120,213,907,204.0,864.0,0.18214285714285713,0.7714285714285715,0.19017857142857142,160.0
Kengeri,West,West,7,2018,2024,1102,217,885,195.0,891.0,0.17695099818511797,0.808529945553539,0.1969147005444646,157.42857142857142
Bytarayanapura,West,West,7,2018,2024,959,152,807,136.0,598.0,0.14181438998957246,0.6235662148070907,0.15849843587069865,137.0
Hebbala,North,North East,7,2018,2024,925,192,733,166.0,635.0,0.17945945945945946,0.6864864864864865,0.20756756756756756,132.14285714285714
Yashawanthapura,North,North,7,2018,2024,745,129,616,108.0,523.0,0.14496644295302014,0.702013422818792,0.17315436241610738,106.42857142857143
Banasawadi,East,East,7,2018,2024,720,117,603,114.0,588.0,0.15833333333333333,0.8166666666666667,0.1625,102.85714285714286
Hulimavu,South,South East,7,2018,2024,705,103,602,97.0,577.0,0.1375886524822695,0.8184397163120567,0.14609929078014183,100.71428571428571
Jalahalli,North,North,7,2018,2024,694,141,553,131.0,564.0,0.18876080691642652,0.8126801152737753,0.20317002881844382,99.14285714285714
Airport,East,Whitefield,7,2018,2024,676,150,526,131.0,434.0,0.1937869822485207,0.6420118343195266,0.22189349112426035,96.57142857142857
Vijayanagar,West,Vijayanagar,7,2018,2024,660,63,597,57.0,542.0,0.08636363636363636,0.8212121212121212,0.09545454545454546,94.28571428571429
Banashankari,South,South,7,2018,2024,576,82,494,72.0,414.0,0.125,0.71875,0.1423611111111111,82.28571428571429
Rajajinagar,North,North,7,2018,2024,542,102,440,94.0,378.0,0.17343173431734318,0.6974169741697417,0.1881918819188192,77.42857142857143
Jayanagar,South,South,7,2018,2024,540,83,457,71.0,401.0,0.13148148148148148,0.7425925925925926,0.1537037037037037,77.14285714285714
HSR Layout,South,HSR Layout,7,2018,2024,518,114,404,104.0,454.0,0.20077220077220076,0.8764478764478765,0.22007722007722008,74.0
Micolayout,South,South East,7,2018,2024,516,85,431,62.0,348.0,0.12015503875968993,0.6744186046511628,0.16472868217054262,73.71428571428571
Indiranagar,East,East,7,2018,2024,515,85,430,64.0,327.0,0.12427184466019417,0.6349514563106796,0.1650485436893204,73.57142857142857
Basavanagudi,South,South,7,2018,2024,507,38,469,30.0,346.0,0.05917159763313609,0.6824457593688363,0.07495069033530571,72.42857142857143
R T Nagar,North,North East,7,2018,2024,502,63,439,59.0,341.0,0.11752988047808766,0.6792828685258964,0.1254980079681275,71.71428571428571
Malleshwaram,North,North,7,2018,2024,493,60,433,50.0,395.0,0.10141987829614604,0.8012170385395537,0.12170385395537525,70.42857142857143
Halasooru,East,East,7,2018,2024,485,95,390,85.0,355.0,0.17525773195876287,0.7319587628865979,0.1958762886597938,69.28571428571429
Madivala,South,South East,7,2018,2024,485,102,383,82.0,303.0,0.16907216494845362,0.6247422680412371,0.21030927835051547,69.28571428571429
S.S.Nagar,West,Central,7,2018,2024,435,52,383,47.0,323.0,0.10804597701149425,0.7425287356321839,0.11954022988505747,62.142857142857146
W.Garden,West,Central,7,2018,2024,399,47,352,42.0,284.0,0.10526315789473684,0.7117794486215538,0.11779448621553884,57.0
H.Grounds,West,Central,7,2018,2024,356,32,324,25.0,257.0,0.0702247191011236,0.7219101123595506,0.0898876404494382,50.857142857142854
Chickpet,West,West,7,2018,2024,317,58,259,51.0,222.0,0.1608832807570978,0.7003154574132492,0.1829652996845426,45.285714285714285
Adugodi,South,South East,7,2018,2024,315,34,281,35.0,266.0,0.1111111111111111,0.8444444444444444,0.10793650793650794,45.0
U.Gate,West,Central,7,2018,2024,315,31,284,27.0,213.0,0.08571428571428572,0.6761904761904762,0.09841269841269841,45.0
Cubbon Park,West,Central,7,2018,2024,310,25,285,20.0,244.0,0.06451612903225806,0.7870967741935484,0.08064516129032258,44.285714285714285
Ashokanagar,West,Central,7,2018,2024,309,34,275,32.0,254.0,0.10355987055016182,0.8220064724919094,0.11003236245954692,44.142857142857146
Magadi Road,West,Vijayanagar,7,2018,2024,245,30,215,26.0,180.0,0.10612244897959183,0.7346938775510204,0.12244897959183673,35.0
Chamarajpet,South,South,7,2018,2024,235,34,201,34.0,192.0,0.14468085106382977,0.8170212765957446,0.14468085106382977,33.57142857142857
Upparpet,West,West,7,2018,2024,233,45,188,34.0,154.0,0.1459227467811159,0.6609442060085837,0.19313304721030042,33.285714285714285
Hennuru,North,North East,2,2023,2024,230,55,175,24.0,84.0,0.10434782608695652,0.3652173913043478,0.2391304347826087,115.0
K G Halli,East,East,7,2018,2024,218,39,179,32.0,148.0,0.14678899082568808,0.6788990825688074,0.17889908256880735,31.142857142857142
Thalagattapura,South,South,2,2023,2024,213,42,171,26.0,69.0,0.12206572769953052,0.323943661971831,0.19718309859154928,106.5
Mahadevapura,East,Whitefield,2,2023,2024,199,28,171,12.0,72.0,0.06030150753768844,0.36180904522613067,0.1407035175879397,99.5
Shivajinagar,East,East,7,2018,2024,171,27,144,23.0,104.0,0.13450292397660818,0.6081871345029239,0.15789473684210525,24.428571428571427
City Market,West,West,7,2018,2024,148,33,115,22.0,85.0,0.14864864864864866,0.5743243243243243,0.22297297297297297,21.142857142857142
Pulikeshinagar,East,East,7,2018,2024,143,45,98,41.0,75.0,0.2867132867132867,0.5244755244755245,0.3146853146853147,20.428571428571427
Jnanabharathi,West,West,1,2024,2024,141,22,119,0.0,0.0,0.0,0.0,0.15602836879432624,141.0
Bellanduru,South,HSR Layout,2,2023,2024,100,23,77,9.0,34.0,0.09,0.34,0.23,50.0
Chikkabanavara,North,North,1,2024,2024,90,16,74,0.0,0.0,0.0,0.0,0.17777777777777778,90.0
